query_num,tot_time,avg_time
100,205.59529399871826,2.0559529399871828
